Viens,Divi,vien.divi@vien.lv,divi
Viens,Divi,vien.divi@vien.lv,divi
Tris,Cetri,tris.cetri@pieci.lv,kkkkk
sesu,septini,sesi@septini,astoni
sesu,septini,sesi@septini,astoni
aaaaa,bbbbb,aaaa@bbb.lv,cccccc
deed,dde,dede@frfr.lv,dede
ed,dede,dede@e3e3.lv,swsws2
test,test,test@test.lv,test
